Chronic liver disease,Acute disease of cardiovascular system,Disorder of abdomen,Chronic disease of respiratory system
Disease of liver,Myocardial disease,Abdominal organ finding,Tracheobronchial disorder
Transplanted liver present,Heart failure,Transplant present,Disorder of lung
Cirrhosis - non-alcoholic,Congestive heart failure,Disorder of cardiovascular system,Inflammation of specific body systems
Disorder of digestive organ,Disorder of cardiac ventricle,Hypertensive complication,Inflammation of specific body organs
Inflammatory disorder of digestive system,Cardiac arrhythmia,Essential hypertension,Finding of respiration
Respiratory finding,Acute heart disease,Metabolic disease,Respiratory finding
Disorder of abdomen,Disorder of lung,Abnormal blood cell count,Disorder of connective tissue
Abdominal organ finding,Atelectasis,Disorder of cellular component of blood,Disorder of cardiovascular system
Transplant present,Pleural effusion,Anemia,Heart disease
Disorder of cardiovascular system,Structural disorder of heart,Respiratory finding,Disorder of soft tissue
Disorder of lung,Heart disease,Anemia of chronic disease,Transplant present
Inflammation of specific body systems,Disorder of connective tissue,Disorder of soft tissue,Interstitial lung disease
Inflammation of specific body organs,Shock,Disorder of endocrine system,Acute respiratory disease
Inflammatory disease of liver,Respiratory finding,Benign essential hypertension,Abnormal breathing
Disorder of soft tissue,Interstitial lung disease,Heart disease,Transplanted lung present
Ascites,Disorder of soft tissue,Finding of head and neck region,Pleural effusion
Infection by site,Chronic heart disease,Hyperlipidemia,Metabolic disease
Vascular disorder,Vascular disorder,Inflammation of specific body systems,Vascular disorder
Disorder of vein,Disorder of cardiovascular system,Vascular disorder,Atelectasis
