"mycophenolate mofetil","magnesium sulfate","diphenhydramine","ipratropium"
"prednisone","furosemide","heparin","albuterol"
"docusate","vancomycin","valganciclovir","tacrolimus"
"sulfamethoxazole","sennosides, USP","tacrolimus","prednisone"
"trimethoprim","heparin","nystatin","furosemide"
"magnesium sulfate","aspirin","methylprednisolone","magnesium sulfate"
"nystatin","mycophenolate mofetil","docusate","docusate"
"furosemide","docusate","trimethoprim","heparin"
"aspirin","nystatin","sulfamethoxazole","sulfamethoxazole"
"valganciclovir","prednisone","hydrocortisone","trimethoprim"
"esomeprazole","mupirocin","lymphocyte immune globulin, anti-thymocyte globulin","bisacodyl"
"methylprednisolone","propofol","ondansetron","methylprednisolone"
"sennosides, USP","dexmedetomidine","mycophenolic acid","dexmedetomidine"
"albumin human, USP","albuterol","furosemide","propofol"
"polyethylene glycol 3350","esomeprazole","metoclopramide","esomeprazole"
"ampicillin","ipratropium","amlodipine","sennosides, USP"
"sulbactam","warfarin","esomeprazole","prochlorperazine"
"ganciclovir","methylprednisolone","polyethylene glycol 3350","alendronate"
"ondansetron","cefazolin","metoprolol","lidocaine"
"propofol","milrinone","sevelamer","ferrous sulfate"
